-- =====================================================================
-- Resource Planner — SEED (Phase 1)
-- Dữ liệu THẬT đội ideaLAB + 2 dự án (Thanh Yến Treasury, SVN×ideaLAB).
-- Trích từ docs/mockup-idealab.html. ANCHOR kế hoạch = 2026-03.
-- Trục tháng: 2026-03 (Mar) · 2026-04 (Apr) · 2026-05 (May) · 2026-06 (Jun).
--
-- ⚠ Rate là dữ liệu NHẠY CẢM — đã có RLS che khỏi role 'pm' (D19).
-- Chạy SAU schema.sql + views.sql. Giả định bảng trống (DB mới tạo).
-- =====================================================================

-- ---- Catalog role (declared_capacity = năng lực khai báo) -------------
insert into ref_roles (code, name, declared_capacity, sort_order, is_management, is_primary) values
  ('DE','Data Engineer',4,1,false,true),
  ('DS','Data Scientist',3,2,false,false),
  ('DA','Data Analyst',4,3,false,true),
  ('PM','Project Manager',3,4,false,true),
  ('PO','Product Owner',2,5,true,false),
  ('DATA_LEAD','Data Lead',1,6,true,false),
  ('ARCH','Architecture Lead',1,7,true,false),
  ('LARK','Lark Admin',1,8,false,false),
  ('FIN','Finance Support',1,9,false,false),
  ('DESIGN','Mockup Designer',1,10,false,true);

-- ---- Rate gợi ý theo level (triệu/tháng) -------------------------------
insert into ref_level_rates (level, monthly_rate) values
  ('Intern',12),('Junior',28),('Middle',45),('Senior',70),('Lead',95);

-- ---- Loại dự án -------------------------------------------------------
insert into ref_project_types (code, name) values
  ('BI_DASHBOARD','BI Dashboard'),
  ('DATA_PLATFORM','Data Platform'),
  ('DATA_PIPELINE','Data Pipeline'),
  ('AI_ML','AI / ML');

-- ---- Nhân sự ideaLAB (rate theo CÁ NHÂN) ------------------------------
-- hourly: nghìn/giờ (200 = 200k/h → 100%/tháng = 32 triệu). monthly: triệu/tháng.
insert into employees (id, name, role_code, level, rate_type, rate, active) values
  ('00000000-0000-0000-0000-0000000000e1','Huyên (PM)','PM','Senior','hourly',200,true),
  ('00000000-0000-0000-0000-0000000000e2','Dõng (Lark Admin)','LARK','Middle','hourly',200,true),
  ('00000000-0000-0000-0000-0000000000e3','Nhàn (Finance)','FIN','Middle','hourly',200,true),
  ('00000000-0000-0000-0000-0000000000e4','Tài (DE)','DE','Senior','monthly',30,true),
  ('00000000-0000-0000-0000-0000000000e5','Vân (DA/BI)','DA','Middle','monthly',20,true),
  ('00000000-0000-0000-0000-0000000000e6','Hiếu (Designer)','DESIGN','Middle','hourly',200,true),
  ('00000000-0000-0000-0000-0000000000e7','Trung (PO)','PO','Lead','hourly',200,true),
  ('00000000-0000-0000-0000-0000000000e8','Bách (Tech Lead)','ARCH','Lead','hourly',200,true),
  ('00000000-0000-0000-0000-0000000000e9','Dung (Data Lead)','DATA_LEAD','Lead','hourly',200,true),
  ('00000000-0000-0000-0000-0000000000a0','Mai (DA)','DA','Senior','hourly',200,true),
  ('00000000-0000-0000-0000-0000000000a1','Hạnh (DA)','DA','Middle','hourly',200,true),
  ('00000000-0000-0000-0000-0000000000a2','Dương (DE)','DE','Middle','hourly',200,true);

-- =====================================================================
-- DỰ ÁN 1 — Thanh Yến Treasury (id …c1)
-- =====================================================================
insert into projects (id, name, project_type, pm_owner, priority, status,
                      start_month, end_month, revenue, other_cost, mgmt_pct, roles, created_by)
values ('00000000-0000-0000-0000-0000000000c1',
  'Thanh Yến Treasury — Hệ thống Quản trị Dòng tiền','BI_DASHBOARD','Huyên',1,'active',
  '2026-03-01','2026-06-01',420,0,10,'{PM,LARK,FIN,DE,DA,DESIGN}','Huyên');

insert into phases (project_id, name, start_month, end_month, sort_order) values
  ('00000000-0000-0000-0000-0000000000c1','P0 · Discovery & Mockup','2026-03-01','2026-03-01',1),
  ('00000000-0000-0000-0000-0000000000c1','P1 · Data Structuring + Lark Base (Pilot)','2026-04-01','2026-04-01',2),
  ('00000000-0000-0000-0000-0000000000c1','P2 · Data Integration','2026-04-01','2026-04-01',3),
  ('00000000-0000-0000-0000-0000000000c1','P3 · Real Dashboard (Pilot)','2026-04-01','2026-05-01',4),
  ('00000000-0000-0000-0000-0000000000c1','P4 · Clean Data + Scale 14 cty','2026-05-01','2026-05-01',5),
  ('00000000-0000-0000-0000-0000000000c1','P5 · Consolidate + UAT','2026-06-01','2026-06-01',6);

-- Allocation (nhu cầu mức role × tháng) — chỉ dòng > 0
insert into allocations (project_id, role_code, month, headcount, kind) values
  ('00000000-0000-0000-0000-0000000000c1','PM','2026-03-01',0.5,'estimate'),
  ('00000000-0000-0000-0000-0000000000c1','PM','2026-04-01',0.5,'estimate'),
  ('00000000-0000-0000-0000-0000000000c1','PM','2026-05-01',0.5,'estimate'),
  ('00000000-0000-0000-0000-0000000000c1','PM','2026-06-01',0.5,'estimate'),
  ('00000000-0000-0000-0000-0000000000c1','LARK','2026-04-01',0.5,'estimate'),
  ('00000000-0000-0000-0000-0000000000c1','LARK','2026-05-01',0.5,'estimate'),
  ('00000000-0000-0000-0000-0000000000c1','LARK','2026-06-01',0.25,'estimate'),
  ('00000000-0000-0000-0000-0000000000c1','FIN','2026-03-01',0.125,'estimate'),
  ('00000000-0000-0000-0000-0000000000c1','FIN','2026-04-01',0.125,'estimate'),
  ('00000000-0000-0000-0000-0000000000c1','FIN','2026-05-01',0.125,'estimate'),
  ('00000000-0000-0000-0000-0000000000c1','FIN','2026-06-01',0.125,'estimate'),
  ('00000000-0000-0000-0000-0000000000c1','DE','2026-04-01',0.5,'estimate'),
  ('00000000-0000-0000-0000-0000000000c1','DE','2026-05-01',0.5,'estimate'),
  ('00000000-0000-0000-0000-0000000000c1','DE','2026-06-01',0.5,'estimate'),
  ('00000000-0000-0000-0000-0000000000c1','DA','2026-04-01',1,'estimate'),
  ('00000000-0000-0000-0000-0000000000c1','DA','2026-05-01',1,'estimate'),
  ('00000000-0000-0000-0000-0000000000c1','DA','2026-06-01',1,'estimate'),
  ('00000000-0000-0000-0000-0000000000c1','DESIGN','2026-03-01',0.5,'estimate'),
  ('00000000-0000-0000-0000-0000000000c1','DESIGN','2026-04-01',0.25,'estimate');

-- Gán người (assignment) — % tải từng cá nhân
insert into assignments (project_id, role_code, month, employee_id, percent) values
  ('00000000-0000-0000-0000-0000000000c1','PM','2026-03-01','00000000-0000-0000-0000-0000000000e1',50),
  ('00000000-0000-0000-0000-0000000000c1','PM','2026-04-01','00000000-0000-0000-0000-0000000000e1',50),
  ('00000000-0000-0000-0000-0000000000c1','PM','2026-05-01','00000000-0000-0000-0000-0000000000e1',50),
  ('00000000-0000-0000-0000-0000000000c1','PM','2026-06-01','00000000-0000-0000-0000-0000000000e1',50),
  ('00000000-0000-0000-0000-0000000000c1','LARK','2026-04-01','00000000-0000-0000-0000-0000000000e2',50),
  ('00000000-0000-0000-0000-0000000000c1','LARK','2026-05-01','00000000-0000-0000-0000-0000000000e2',50),
  ('00000000-0000-0000-0000-0000000000c1','LARK','2026-06-01','00000000-0000-0000-0000-0000000000e2',25),
  ('00000000-0000-0000-0000-0000000000c1','FIN','2026-03-01','00000000-0000-0000-0000-0000000000e3',12.5),
  ('00000000-0000-0000-0000-0000000000c1','FIN','2026-04-01','00000000-0000-0000-0000-0000000000e3',12.5),
  ('00000000-0000-0000-0000-0000000000c1','FIN','2026-05-01','00000000-0000-0000-0000-0000000000e3',12.5),
  ('00000000-0000-0000-0000-0000000000c1','FIN','2026-06-01','00000000-0000-0000-0000-0000000000e3',12.5),
  ('00000000-0000-0000-0000-0000000000c1','DE','2026-04-01','00000000-0000-0000-0000-0000000000e4',50),
  ('00000000-0000-0000-0000-0000000000c1','DE','2026-05-01','00000000-0000-0000-0000-0000000000e4',50),
  ('00000000-0000-0000-0000-0000000000c1','DE','2026-06-01','00000000-0000-0000-0000-0000000000e4',50),
  ('00000000-0000-0000-0000-0000000000c1','DA','2026-04-01','00000000-0000-0000-0000-0000000000e5',100),
  ('00000000-0000-0000-0000-0000000000c1','DA','2026-05-01','00000000-0000-0000-0000-0000000000e5',100),
  ('00000000-0000-0000-0000-0000000000c1','DA','2026-06-01','00000000-0000-0000-0000-0000000000e5',100),
  ('00000000-0000-0000-0000-0000000000c1','DESIGN','2026-03-01','00000000-0000-0000-0000-0000000000e6',50),
  ('00000000-0000-0000-0000-0000000000c1','DESIGN','2026-04-01','00000000-0000-0000-0000-0000000000e6',25);

-- =====================================================================
-- DỰ ÁN 2 — SVN × ideaLAB (id …c2). revenue 550 là GIẢ ĐỊNH (margin mục tiêu ~35%).
-- Huyên (PM) DÙNG CHUNG với Thanh Yến → tải cộng dồn ở v_employee_load.
-- =====================================================================
insert into projects (id, name, project_type, pm_owner, priority, status,
                      start_month, end_month, revenue, other_cost, mgmt_pct, roles, created_by)
values ('00000000-0000-0000-0000-0000000000c2',
  'SVN × ideaLAB — Dashboard Hiệu suất NVL & Menu Engineering','BI_DASHBOARD','Huyên',1,'active',
  '2026-03-01','2026-06-01',550,0,10,'{PM,DA,DE}','Huyên');

insert into phases (project_id, name, start_month, end_month, sort_order) values
  ('00000000-0000-0000-0000-0000000000c2','Menu Engineering (định mức)','2026-03-01','2026-04-01',1),
  ('00000000-0000-0000-0000-0000000000c2','Hiệu suất NVL (hao hụt — mockup→PBI)','2026-04-01','2026-06-01',2),
  ('00000000-0000-0000-0000-0000000000c2','AOV/TA Mix','2026-04-01','2026-05-01',3),
  ('00000000-0000-0000-0000-0000000000c2','Customer Dashboard','2026-05-01','2026-06-01',4);

insert into allocations (project_id, role_code, month, headcount, kind) values
  ('00000000-0000-0000-0000-0000000000c2','PM','2026-03-01',0.3,'estimate'),
  ('00000000-0000-0000-0000-0000000000c2','PM','2026-04-01',0.3,'estimate'),
  ('00000000-0000-0000-0000-0000000000c2','PM','2026-05-01',0.3,'estimate'),
  ('00000000-0000-0000-0000-0000000000c2','PM','2026-06-01',0.3,'estimate'),
  ('00000000-0000-0000-0000-0000000000c2','DA','2026-03-01',1,'estimate'),
  ('00000000-0000-0000-0000-0000000000c2','DA','2026-04-01',2,'estimate'),
  ('00000000-0000-0000-0000-0000000000c2','DA','2026-05-01',2,'estimate'),
  ('00000000-0000-0000-0000-0000000000c2','DA','2026-06-01',1.5,'estimate'),
  ('00000000-0000-0000-0000-0000000000c2','DE','2026-04-01',0.5,'estimate'),
  ('00000000-0000-0000-0000-0000000000c2','DE','2026-05-01',1,'estimate'),
  ('00000000-0000-0000-0000-0000000000c2','DE','2026-06-01',1,'estimate');

insert into assignments (project_id, role_code, month, employee_id, percent) values
  ('00000000-0000-0000-0000-0000000000c2','PM','2026-03-01','00000000-0000-0000-0000-0000000000e1',30),
  ('00000000-0000-0000-0000-0000000000c2','PM','2026-04-01','00000000-0000-0000-0000-0000000000e1',30),
  ('00000000-0000-0000-0000-0000000000c2','PM','2026-05-01','00000000-0000-0000-0000-0000000000e1',30),
  ('00000000-0000-0000-0000-0000000000c2','PM','2026-06-01','00000000-0000-0000-0000-0000000000e1',30),
  ('00000000-0000-0000-0000-0000000000c2','DA','2026-03-01','00000000-0000-0000-0000-0000000000a0',50),
  ('00000000-0000-0000-0000-0000000000c2','DA','2026-04-01','00000000-0000-0000-0000-0000000000a0',100),
  ('00000000-0000-0000-0000-0000000000c2','DA','2026-05-01','00000000-0000-0000-0000-0000000000a0',100),
  ('00000000-0000-0000-0000-0000000000c2','DA','2026-06-01','00000000-0000-0000-0000-0000000000a0',50),
  ('00000000-0000-0000-0000-0000000000c2','DA','2026-03-01','00000000-0000-0000-0000-0000000000a1',50),
  ('00000000-0000-0000-0000-0000000000c2','DA','2026-04-01','00000000-0000-0000-0000-0000000000a1',100),
  ('00000000-0000-0000-0000-0000000000c2','DA','2026-05-01','00000000-0000-0000-0000-0000000000a1',100),
  ('00000000-0000-0000-0000-0000000000c2','DA','2026-06-01','00000000-0000-0000-0000-0000000000a1',100),
  ('00000000-0000-0000-0000-0000000000c2','DE','2026-04-01','00000000-0000-0000-0000-0000000000a2',50),
  ('00000000-0000-0000-0000-0000000000c2','DE','2026-05-01','00000000-0000-0000-0000-0000000000a2',100),
  ('00000000-0000-0000-0000-0000000000c2','DE','2026-06-01','00000000-0000-0000-0000-0000000000a2',100);

-- ---- AI models (Phase 5 dùng — seed sẵn để màn cấu hình có dữ liệu) ----
insert into app_llm_configs (label, provider, is_active, sort_order) values
  ('Gemini 2.0 Flash','Google AI Studio · free tier',true,1),
  ('Llama 3.3 70B','Groq · free tier',false,2),
  ('Claude Haiku','Anthropic · API trả phí',false,3);
